{"cameraMode":{"drawMode":0,"name":"Shaded","section":"Shading Mode"},"sceneLighting":false,"audioPlay":false,"sceneViewState":{"m_AlwaysRefresh":false,"showFog":true,"showSkybox":false,"showFlares":true,"showImageEffects":true,"showParticleSystems":true,"showVisualEffectGraphs":true,"m_FxEnabled":true},"in2DMode":false,"pivot":{"x":397.9689636230469,"y":229.48228454589845,"z":0.6076666116714478},"rotation":{"x":-0.20962215960025788,"y":-0.7896876335144043,"z":0.39065584540367129,"w":-0.4241584837436676},"size":461.46197509765627,"orthographic":false}